Apple 아이폰 13 256GB [자급제],"1,168,500원",https://cr.shopping.naver.com/adcr.nhn?x=bdZjcgszthuKVBrIk68BG%2F%2F%2F%2Fw%3D%3Dswi3WsVybxBX5%2FiEW2shUFbpQ1Q4D7%2BVlwz0a5mnNpLxhJz9H0Ub4KLvuVTVtNMxMvudKkQMVutBJtNt8rvjhq%2FfYYg%2FN1h%2BFOsESyyjJfWnaEVY6iBLWlN5dVTyOp6mydqF%2BfPP1OWXJ9LNo6nPmn8i30QtKP1mA7BYZPpxeJLexWvZfe2todmJfmpbNrXnqXKJBKazWTMr3TF%2BX7oeAGbix7jXt7MNVc9AIu4EfDZlNEwRr%2B3STfYHGn%2FB5b3e4I5f41GunspluhheENo3Hr5RkKvbk2DlfAeCD24Qf6PBVXemfpmeX70wC2wQT5nyi5pxiwDZPU40LYzhHX%2FcRv7exAyx6i3wI8jHM8HEla9shIW%2Fufm4Ai1g%2Bbn5o8FWgvX82Y5Ils9cLeBDu1LyZBz8OrgBwC1HSdkQjup%2BpH0agIX25kXOk%2FUPdTKqFSCOqDgcKWP7TrEwfWP0fV1BFe%2BmKSx2APyHs2YfQwN8YYMH1JtnyFV8OD7Bngtl8x0Qvfm8I4%2BLwqxkEirhSi8uz%2FPkMeAmUfvdvnjS5t4wJ0QbvW2q1ZBpuV%2F%2FvtKUgTGHnnIM1d%2BPMBCLDzrQZQiijIfF9coaSWnqLy4%2FcXhES6odvU2Y6hEEwGxc1AZfON9sL4VRAH%2BsMDObarUodGweR8Q%3D%3D&nvMid=29029192591&catId=50001519
Apple 아이폰 13 미니 128GB [자급제],"891,210원",https://cr.shopping.naver.com/adcr.nhn?x=mWSPJqv9w4U0Ga%2FsambbUv%2F%2F%2Fw%3D%3DshdCAYqr88vPBk%2Fx85m6AldeRER6N3X5wiRptIyGSyb1hJz9H0Ub4KLvuVTVtNMxMmbzM48C2N8u8yoArS8vxpvfYYg%2FN1h%2BFOsESyyjJfWnaEVY6iBLWlN5dVTyOp6mydqF%2BfPP1OWXJ9LNo6nPmn8i30QtKP1mA7BYZPpxeJLexWvZfe2todmJfmpbNrXnq2drsUEzev9hA0cDt%2BuxFM7ix7jXt7MNVc9AIu4EfDZlNEwRr%2B3STfYHGn%2FB5b3e4I5f41GunspluhheENo3Hr5RkKvbk2DlfAeCD24Qf6PBVXemfpmeX70wC2wQT5nyi5pxiwDZPU40LYzhHX%2FcRv%2FEJfLFC%2Fvbet35Malhu%2BX4hIW%2Fufm4Ai1g%2Bbn5o8FWgvX82Y5Ils9cLeBDu1LyZB77WgDSXKP6ImEy%2BwFHnuJ%2BgIX25kXOk%2FUPdTKqFSCOqDgcKWP7TrEwfWP0fV1BFe2dFqn9EtHPPkp8WxjFFMRTPxSH%2BMhjwnhZYEHfltYfSuwP9L0j7YvHB2OKNn2rLcLC2JR4l9sCJXyHk98149drbF7PlunCbMOX67rPg%2BCw8v4YGjJCSIW1IvBxXT1wG95HcwDNfhE8s5W3LRKzsXnFvU2Y6hEEwGxc1AZfON9sL4VRAH%2BsMDObarUodGweR8Q%3D%3D&nvMid=29030650586&catId=50001519
Apple 아이폰 13 프로 128GB [자급제],"1,255,000원",https://cr.shopping.naver.com/adcr.nhn?x=IuxQLaYEconP75pkEKN8Tv%2F%2F%2Fw%3D%3DsHS7y8ZIiQsBqHWHzNaWq%2BnnWpOJyVLr7IPu%2FMHQ%2FUyRhJz9H0Ub4KLvuVTVtNMxMG%2F%2BDCvmz5VJOsNPgZpEZKPfYYg%2FN1h%2BFOsESyyjJfWnaEVY6iBLWlN5dVTyOp6mydqF%2BfPP1OWXJ9LNo6nPmn8i30QtKP1mA7BYZPpxeJLexWvZfe2todmJfmpbNrXnquNUGE%2F8E2Wl6h%2B8WEwxe9bix7jXt7MNVc9AIu4EfDZlNEwRr%2B3STfYHGn%2FB5b3e4I5f41GunspluhheENo3Hr5RkKvbk2DlfAeCD24Qf6PBVXemfpmeX70wC2wQT5nyi5pxiwDZPU40LYzhHX%2FcRvynT%2FM%2FVq2aZVa04dh8ZN%2FshIW%2Fufm4Ai1g%2Bbn5o8FWgvX82Y5Ils9cLeBDu1LyZB%2BA3ERNqSdCvFqxbqH5dN3ugIX25kXOk%2FUPdTKqFSCOqDgcKWP7TrEwfWP0fV1BFe877wGwnVTDFn6xYgOX8vvvPxSH%2BMhjwnhZYEHfltYfSuwP9L0j7YvHB2OKNn2rLcANylmqrmS8SQdEUnjMJ3pCdDFoMhA7p4TfpM5dzsJcQ%2BgtF15PMkmjkNDmi88yMRSUcCQZf9tzIdXNWq21EKKBjtEEnHZo%2B%2FVuCJHvsmHjrDVCYCaeglF2rgr1u2OQIzQ%3D%3D&nvMid=29030420587&catId=50001519
Apple 아이폰 13 128GB [자급제],"1,035,000원",https://cr.shopping.naver.com/adcr.nhn?x=drToKAuOTRtT6CCOO61ms%2F%2F%2F%2Fw%3D%3DsCcZ9LJz2Mk1KW%2BOyz%2B5VHZDz1snn0JBRso%2FhkSrC2fdhJz9H0Ub4KLvuVTVtNMxM4cyBZQtiq%2FVdoTio%2F5FGU%2FfYYg%2FN1h%2BFOsESyyjJfWnaEVY6iBLWlN5dVTyOp6mydqF%2BfPP1OWXJ9LNo6nPmn8i30QtKP1mA7BYZPpxeJLexWvZfe2todmJfmpbNrXnqNGdmVqT0qJ11casXr%2FJUjrix7jXt7MNVc9AIu4EfDZlNEwRr%2B3STfYHGn%2FB5b3e4I5f41GunspluhheENo3Hr5RkKvbk2DlfAeCD24Qf6PBVXemfpmeX70wC2wQT5nyi5pxiwDZPU40LYzhHX%2FcRv%2FmxO2fbUAywb8hnTLOImkQhIW%2Fufm4Ai1g%2Bbn5o8FWgvX82Y5Ils9cLeBDu1LyZB9piwhsOY7o4kcOdH1kNIASgIX25kXOk%2FUPdTKqFSCOqDgcKWP7TrEwfWP0fV1BFe9GBq212DKjwb1MxodOVeCv1JtnyFV8OD7Bngtl8x0Qvfm8I4%2BLwqxkEirhSi8uz%2FNCzpBZqHHNjVHbLil2GMmHvW2q1ZBpuV%2F%2FvtKUgTGHn4nsDwEYKXwYpA24uUoxbNsjkZRzTPwEvqOjQ2LD1xlvNjqh%2FZemCCOboDhnweAmG&nvMid=29030374587&catId=50001519
Apple 아이폰 13 프로 256GB [자급제],"1,385,000원",https://cr.shopping.naver.com/adcr.nhn?x=NqLs3JunqJRKS%2B2A51YtW%2F%2F%2F%2Fw%3D%3Dsok5GRAfRv4iyDfQHYqxlAzm1RE9z2b4yORVj9izZoH5hJz9H0Ub4KLvuVTVtNMxMYlkKZkwx%2B0nJvWcLHibpZ%2FfYYg%2FN1h%2BFOsESyyjJfWnaEVY6iBLWlN5dVTyOp6mydqF%2BfPP1OWXJ9LNo6nPmn8i30QtKP1mA7BYZPpxeJLexWvZfe2todmJfmpbNrXnq6b4twwZe%2FXnN8SL9cd67Sbix7jXt7MNVc9AIu4EfDZlNEwRr%2B3STfYHGn%2FB5b3e4I5f41GunspluhheENo3Hr5RkKvbk2DlfAeCD24Qf6PBVXemfpmeX70wC2wQT5nyi5pxiwDZPU40LYzhHX%2FcRvypEenPWh7YhbD6QR229C8shIW%2Fufm4Ai1g%2Bbn5o8FWgvX82Y5Ils9cLeBDu1LyZB8GX80wggxKey1RrDrPPeXigIX25kXOk%2FUPdTKqFSCOqDgcKWP7TrEwfWP0fV1BFe6kejIh2uruhzM%2FsWRISN2XPxSH%2BMhjwnhZYEHfltYfSuwP9L0j7YvHB2OKNn2rLcLoIgndaGfxSouzoVPoKzhHWMcPyQtbF4lJdrFuYj4%2Fq%2BgtF15PMkmjkNDmi88yMRT34DqPoQyviwH9limdXRfpjtEEnHZo%2B%2FVuCJHvsmHjrDVCYCaeglF2rgr1u2OQIzQ%3D%3D&nvMid=29030492586&catId=50001519
Apple 아이폰 13 프로 맥스 128GB [자급제],"1,247,430원",https://cr.shopping.naver.com/adcr.nhn?x=erwKOEjlSco9YuDrmBxRWf%2F%2F%2Fw%3D%3Dsfw3zbELN0bVdVEMCCIu1KpvPbNDKQy49GVsjLByuHDpWQE1WikGGRjsm7ORTamZ7SoXXYdB5VX5lBq5OV8HRckY12Ft5evOkPKfGAnB1AvAZ8W7KCwJIn13uJBIFq5iJVeQAu7dnmKy7Fh1H4CLgukPg%2F6PYJW9LpCSumzPJoiiI9aZyW4hhCgmcrsQhWGWGhHspihOVp8HjBCkc%2F5FPbvKAXVfyDB1yTbVYYpYzcFnUHxlEatbmVq7jmztE%2Fyws2rEzGrYrh%2B5JGjafX992PjPDpGIrabitp2up06DaRfi54J8UO7LDGXdPU9Do8oyMXmq0wb8nQ9S1CNyVqQgAyLedbOOAgU77%2FcJf%2FYo3j%2BxqLzcRVswO%2FNXTrA15l4GNbF4OZVL2Q%2FcwuxYvViSTh%2Brtiy45jQlsFks%2B8iiFnR%2BcPfwzF9ktWcxdrcTtO8KUh7eRXhvx%2B18MP%2FzLgC0qJVOBpL3kKBeNwNuOk45o3IVBtWA3bgrCJTVPNVLYJDvay%2F5xiDZEmKfndsQAGO1A54Q%2FCbBHICgrp5QAK1QkJRYl%2BD3hcQGlF5HbFEXIz2xDYnHIcETcJifOE8sb44IMxQsNyGIEPF0tgl1Wv8YrjA5%2BmFxDM08JMUTi8KX7kLtCgqgOvq6z5EpEI5N2xav1Mg%3D%3D&nvMid=29030367587&catId=50001519
Apple 아이폰 13 프로 맥스 256GB [자급제],"1,515,900원",https://cr.shopping.naver.com/adcr.nhn?x=I6WViC178etogWsHy5kfVP%2F%2F%2Fw%3D%3DsihhC77UmLFiC3fhy8Lo6vFQ061PqVkPit1GP3HoWssJhJz9H0Ub4KLvuVTVtNMxMqG8EwNTYOOtFvBMxaEpqqPfYYg%2FN1h%2BFOsESyyjJfWnaEVY6iBLWlN5dVTyOp6mydqF%2BfPP1OWXJ9LNo6nPmn8i30QtKP1mA7BYZPpxeJLexWvZfe2todmJfmpbNrXnqiTiHgV17tngZX6ODLdebGbix7jXt7MNVc9AIu4EfDZlNEwRr%2B3STfYHGn%2FB5b3e4I5f41GunspluhheENo3Hr5RkKvbk2DlfAeCD24Qf6PBVXemfpmeX70wC2wQT5nyi5pxiwDZPU40LYzhHX%2FcRvyhg%2FnClWscTbU8v3%2FZ%2FcB4hIW%2Fufm4Ai1g%2Bbn5o8FWgvX82Y5Ils9cLeBDu1LyZBypx6ZcRQfXgzncMMBEUgSygIX25kXOk%2FUPdTKqFSCOqDgcKWP7TrEwfWP0fV1BFewstxKXYfuaTY89uFKbdXCB8yCKT6GPhhsVeKu8TBI1nmWXdAuntmcqbOFOk%2BQxKwb3EHiGgBiCEEZyXK87%2B6sUjWq5dnkPMLxJ%2FVPqLEVpcramjBwCZI9AwCV4mCTWQmVPXycp1Ln2n7lqe%2BKsaYknVFRvCJfo%2BpbBFFjoU1IrfhWw3%2BIByOa0jCVNQVnCDoA%3D%3D&nvMid=29030294588&catId=50001519
Apple 아이폰 13 미니 256GB [자급제],"1,035,000원",https://cr.shopping.naver.com/adcr.nhn?x=10i8nU8n%2BieDjhGQIo6DL%2F%2F%2F%2Fw%3D%3DsZ%2BxZ8Bg2TyWV00omFmSgJjXzvZ11VJRNktMOH8Er4KsXfmlaZeQqomjdtI9e3qsmzy1G97giNGTJ3B8DebUvmvo9jR45a8FSy11fX9MXhtPmHdJoXpaqVFBgn%2FrBoZwe1gX2PleHWR1wZt0yYBcLGcOmY27ZGze0Q%2BtXRlM4OxtFSICBvI1ATDFN58yC%2Fe2x6Waal7xaUfVhpIb5KtxtzMdAmfSN83ChOoIPfneWzCavS7fnn7TEzbGYEdK0StlzQ064EHw4emQU7QBAw%2BdQDqLj%2BvSXPWhKT0BbyrMWxS%2Bk6v2w9jBqMGR4TTsgYaQnlII%2ByYYqWVu3SSXxcjEJdFKp57CADNdI1L3aRXJrMB06JIeyjRJJG8AQSjlBThBKRuaDR2LrEXFDwvTptY5wkW%2F%2BLA6NpGe0c8RBIr5JuBoiNvEAyH7XT6ObGe95mRdUsw%2FEBFoDxdMAZ4HSpGP%2F1jX5Qwkr%2BtGcg13ksRWU0xoi5HSrzhhCOMWuXdZxvGXvk9L6rt0SOVsUsc5EylGdlTMF3FssMSUKgnmJH2N5IT%2BhYZ%2FhI%2FkN84je6k%2F%2BbfyXaGSlxjQDNAwb6T8bswycDWwPRizsY49iMg34AnK5O0zHICEQpPL7Rm%2B2fyhjEhHR&nvMid=29030437590&catId=50001519
Apple 아이폰 13 미니 512GB [자급제],"1,292,000원",https://cr.shopping.naver.com/adcr.nhn?x=gvPjs3PZ%2BqQFcIpsJyt8Cv%2F%2F%2Fw%3D%3DsOUmcarBjJ6SidJRiS12cImW2vUDKwI1jcrwR%2F6VYJTlWQE1WikGGRjsm7ORTamZ7FVzOYm344kg1qTvutYhrzEY12Ft5evOkPKfGAnB1AvAZ8W7KCwJIn13uJBIFq5iJVeQAu7dnmKy7Fh1H4CLgukPg%2F6PYJW9LpCSumzPJoiiI9aZyW4hhCgmcrsQhWGWGRcIO%2FsSRKHMrPSPiMPM2BfKAXVfyDB1yTbVYYpYzcFnUHxlEatbmVq7jmztE%2Fyws2rEzGrYrh%2B5JGjafX992PjPDpGIrabitp2up06DaRfi54J8UO7LDGXdPU9Do8oyMXmq0wb8nQ9S1CNyVqQgAyEnKsVJItEntJ2BnT6V3kSpqLzcRVswO%2FNXTrA15l4GNbF4OZVL2Q%2FcwuxYvViSThwz6Wd5BU%2BrjbH1NLe3osiecPfwzF9ktWcxdrcTtO8KUh7eRXhvx%2B18MP%2FzLgC0qJWnW31FRNxjRoXXkSj5PkWt1I8EDCh5n2RBrPUf%2BYM4BX8a%2FHvPOPEuDd1Ce%2FzZYNSL%2FShnBWLWemHRmG8Dw8xwMcZ0uUsaBairnjXzLhNKT%2FVufBYHffttjdnJnUItl97yKrVgk40G1oQrojUwuAepWhZ3SMHTcLlpircdRzUgq1JIslBmdxaTx7xO1%2BPPoWw%3D%3D&nvMid=29030296587&catId=50001519
Apple 아이폰 13 프로 512GB [자급제],"1,636,800원",https://cr.shopping.naver.com/adcr.nhn?x=CQBPEupxzcemMXWS044FK%2F%2F%2F%2Fw%3D%3DsaZY4figbSWouln93KwnbMEW3S7R2g%2BEFzqGISl1pKkRhJz9H0Ub4KLvuVTVtNMxMTF1CO7ZaqNp1dlUb4hnyUvfYYg%2FN1h%2BFOsESyyjJfWnaEVY6iBLWlN5dVTyOp6mydqF%2BfPP1OWXJ9LNo6nPmn8i30QtKP1mA7BYZPpxeJLexWvZfe2todmJfmpbNrXnqlDPFdx1sLuYHxlc7aw3L%2Brix7jXt7MNVc9AIu4EfDZlNEwRr%2B3STfYHGn%2FB5b3e4I5f41GunspluhheENo3Hr5RkKvbk2DlfAeCD24Qf6PBVXemfpmeX70wC2wQT5nyi5pxiwDZPU40LYzhHX%2FcRv81ZJ0mBoqhZWOEXU2YZiMwhIW%2Fufm4Ai1g%2Bbn5o8FWgvX82Y5Ils9cLeBDu1LyZB2eLZ5rUKZE8f%2F6GQUsxEfagIX25kXOk%2FUPdTKqFSCOqDgcKWP7TrEwfWP0fV1BFe9zC5Ok%2BGRIgi5WcssAqmubPxSH%2BMhjwnhZYEHfltYfSuwP9L0j7YvHB2OKNn2rLcD%2BpSVVX%2BzkihTeHNg0N%2B7KjbLTVRFrKbIzLpY3eLMB5%2BgtF15PMkmjkNDmi88yMRdFtTOTWUkBM9v6TUmYS%2BLD0UbNk5di1V8jUMbmtHii%2FBq7h9PA5SrIXrcWPClBGWw%3D%3D&nvMid=29030416587&catId=50001519
Apple 아이폰 13 프로 맥스 512GB [자급제],"1,767,000원",https://cr.shopping.naver.com/adcr.nhn?x=anGKUQW4jeDkFs%2BzDdOS1f%2F%2F%2Fw%3D%3Ds9mpGzAoocvaLjWEBbGaQ9m3pfkS4x9wDIPjFjrZLfu4bsBKbbjTB%2BBCjsLv6tz%2BjykDGLGtpoCWw88EpPy15qGV%2BscFH3JxaOCbdBezqxYHnsH1oMjpK00GyKK7XBbo%2FVWXLVpzyUHSNwV4vyuvKuUgAn8lD2%2BxrgblrBqYwPdWug%2B9sjA7rHdeMLkY%2BwIMU8l8EUbQKNtJLHSrS0FW8ATQZD6UDT51Dg8nNb9lI8fV%2BFLPJmN7kd5F0maTGsL0c1aEfqN2kp4n6N3JbIPwkiyFVEo9DUQmWCHoCS2pCRH7L%2Fowdnq7%2Fmfq67OVRzok0S5SJNLgIdS1XFCtZ5GETGFa2vszScP4a7v9Ysy%2BIcYEWNs935K8YtW0aDqDBdUisDG4evy%2BM13j64UYOnhTyGftHLjvFm4JZSt2I03JvIhMGVJjQOIMS03m13YAnzFDQpOVXrumE0IYWoVbuYGHPlT4OngYKgyg9ZO2oWjkSR%2BpKd97yu7c%2FbQz1Lu72LwvUIuR0q84YQjjFrl3Wcbxl75PS%2Bq7dEjlbFLHORMpRnZUgXHl7BE0lMgCGIMaW175HoWGf4SP5DfOI3upP%2Fm38l8rmy1cPfrEfWAwy1fO3Nn9%2FlW0dWBJY%2FjVkPKh68luC5Hv1T%2FoDPeAT2ZD%2BWCfnsQ%3D%3D&nvMid=29029192586&catId=50001519
Apple 아이폰 13 프로 맥스 1TB [자급제],"2,024,900원",https://cr.shopping.naver.com/adcr.nhn?x=qgpJH6LHa2fcgg0xB758Hv%2F%2F%2Fw%3D%3Dsm0sqAIf35a9EF1oNIchclrXedi7ydZ2ytZq15wNnNtkbsBKbbjTB%2BBCjsLv6tz%2BjrAyy8LBskl8Vb%2Fy%2B2nFkegUSnNjB%2F4HwYN8mX63%2FKTHnsH1oMjpK00GyKK7XBbo%2FVWXLVpzyUHSNwV4vyuvKuUgAn8lD2%2BxrgblrBqYwPdWug%2B9sjA7rHdeMLkY%2BwIMU5fv1ZtJFi5q7TnE%2BfdMgLTQZD6UDT51Dg8nNb9lI8fV%2BFLPJmN7kd5F0maTGsL0c1aEfqN2kp4n6N3JbIPwkiyFVEo9DUQmWCHoCS2pCRH7L%2Fowdnq7%2Fmfq67OVRzok0S5SJNLgIdS1XFCtZ5GETGDt7wle4naKayCVarOmV1R%2BOgEqVSLTqzP%2BgC%2FJf7jsDDG4evy%2BM13j64UYOnhTyGURBSkVWpyFhCT1DprjDVs3cEUMk%2BYg0ZV3bZSl4pTyypOVXrumE0IYWoVbuYGHPlT4OngYKgyg9ZO2oWjkSR%2BqtKLnnC02xBm8wXg3u8BRTQ%2F5BTDuLO7E8eLG3O1110L2joxsTLXUmX9Jy9y68R2z0z5ifG12lhqSkxPtCbgKhT8AlxSYkXaLH96LNyv1p9Z29ZW2HSNdhc5T%2F8OtaEYi5RXO4gnFqpPorOX0MGZCkaGimR4pR27mrh1IoDTOSgA%3D%3D&nvMid=29029192590&catId=50001519
Apple 아이폰 13 프로 1TB [자급제],"1,887,900원",https://cr.shopping.naver.com/adcr.nhn?x=J8wjLc34%2FAgk69jUepSsWf%2F%2F%2Fw%3D%3DsdwbhTifZLV%2FF0QQfzBaSq%2BFspVPYqX0t88YZymX8XhRhJz9H0Ub4KLvuVTVtNMxMr6hhPsvHSnS0ZbBBfsExCvfYYg%2FN1h%2BFOsESyyjJfWnaEVY6iBLWlN5dVTyOp6mydqF%2BfPP1OWXJ9LNo6nPmn8i30QtKP1mA7BYZPpxeJLexWvZfe2todmJfmpbNrXnqM3WLqq0EN7lRPuVNhhc%2BTLix7jXt7MNVc9AIu4EfDZlNEwRr%2B3STfYHGn%2FB5b3e4I5f41GunspluhheENo3Hr5RkKvbk2DlfAeCD24Qf6PBVXemfpmeX70wC2wQT5nyi5pxiwDZPU40LYzhHX%2FcRvw0jkTr0ODntHvis7OTUi3AhIW%2Fufm4Ai1g%2Bbn5o8FWgvX82Y5Ils9cLeBDu1LyZByjZ%2F6Ij87DZw9nv%2FQ98kdCgIX25kXOk%2FUPdTKqFSCOqDgcKWP7TrEwfWP0fV1BFe4VbMzIyMAqoFnqnCl3vWSgPVL%2B%2Frl5PLPXtI0kaP8PkmKdeEMdUbtmzDI4Aa7HQcXwo4J%2BT6pYrLp6hEYPw6iupITTwIqZoux3w%2FDRMl%2FsPezdPirNIEhU3YcDKwV2g5IRlvEFMiwO72FkoLtb90ttvU2Y6hEEwGxc1AZfON9sL4VRAH%2BsMDObarUodGweR8Q%3D%3D&nvMid=29029192588&catId=50001519
Apple 아이폰 13 미니 256GB [LG U+],"145,800원",https://cr.shopping.naver.com/adcr.nhn?x=sshrSvJ77Srt%2BGr6EAzCdf%2F%2F%2Fw%3D%3DsLt77GOH7FG2Rz4sXTDBZvF%2FnBgSL6mKL6DzN2QH54kwbsBKbbjTB%2BBCjsLv6tz%2BjrVnfLlDoS%2BBzS09q0kgPNY14ADfI3lUpbTVJZbWXqA3nsH1oMjpK00GyKK7XBbo%2FVWXLVpzyUHSNwV4vyuvKuUgAn8lD2%2BxrgblrBqYwPdWug%2B9sjA7rHdeMLkY%2BwIMUH9J2IBuyzX11BjOUDWY3GjQZD6UDT51Dg8nNb9lI8fV%2BFLPJmN7kd5F0maTGsL0c1aEfqN2kp4n6N3JbIPwkiyFVEo9DUQmWCHoCS2pCRH7L%2Fowdnq7%2Fmfq67OVRzok0S5SJNLgIdS1XFCtZ5GETGKGgEoD7UqsjFMWLDompbj9hwObKukac%2FPM1Y1Xw4I8xnuI%2B1Uju%2BRLjWLfBBmiitNtGoAKMgW3iGzEfYt9UdmtKI194O3yVGRkTAKu5NZTnpOVXrumE0IYWoVbuYGHPlV4nVlpZlOp63ers57eQ7rfKu8lNHMUv5FO70BFiZvG%2BXGfKYExq7uG4FGIUYcPNsak%2B9le%2BRDhEbeC9%2FY0iWl6bZ1Q%2Feq8LFNMhpaIUo3S2ezdPirNIEhU3YcDKwV2g5GvR08BLWx6R1QYh8L213SJvU2Y6hEEwGxc1AZfON9sL4VRAH%2BsMDObarUodGweR8Q%3D%3D&nvMid=29030376589&catId=50000248
Apple 아이폰 13 미니 128GB [LG U+],1원,https://cr.shopping.naver.com/adcr.nhn?x=uqrjSDTupbe0iTW6rOvtUv%2F%2F%2Fw%3D%3Ds98Iw3%2Bty3UGPOILxyuifBQbM58ZqRJSzeD3hTFhjLhxWQE1WikGGRjsm7ORTamZ7pbmUTAGI4seDoRhxAtPF%2FkY12Ft5evOkPKfGAnB1AvAZ8W7KCwJIn13uJBIFq5iJVeQAu7dnmKy7Fh1H4CLgukPg%2F6PYJW9LpCSumzPJoiiI9aZyW4hhCgmcrsQhWGWGJotMI0cao4vCmnMLYrRgWPKAXVfyDB1yTbVYYpYzcFnUHxlEatbmVq7jmztE%2Fyws2rEzGrYrh%2B5JGjafX992PjPDpGIrabitp2up06DaRfi54J8UO7LDGXdPU9Do8oyMXmq0wb8nQ9S1CNyVqQgAyDjJ4zzxqyZf6OpoGb0zqKlqLzcRVswO%2FNXTrA15l4GNYd6P7bKnf6IN9iERvhRLC20dDnOIfR1s4DQoYd1bS26cPfwzF9ktWcxdrcTtO8KUh7eRXhvx%2B18MP%2FzLgC0qJUfTmu80PPs%2FMBPhnIzy5qsHyKwMIinsXLRIwPAEQA4X2UjohpK7sZyY83SOIj%2FwoFBQUyBp0wYHCUrmTra4onkRpOFzCbaM6OU97uoPifjrpUGH0PqHO4WW5PP%2F%2BXzNN4EAj%2F2xBE7YCb1r5FMH%2Br1B0CIl3BeKsFF2drF%2B%2BsFv&nvMid=29030431586&catId=50000248
Apple 아이폰 13 프로 128GB [LG U+],"632,000원",https://cr.shopping.naver.com/adcr.nhn?x=GAEM9ndrRsInBpjx2EiETP%2F%2F%2Fw%3D%3DsflrLuuUYVIdMH0vW3mYNFLH6wNvK8xjiE%2BQHjO%2Bidj9hJz9H0Ub4KLvuVTVtNMxMRiK4qRNySqZu7rPHobBSX%2FfYYg%2FN1h%2BFOsESyyjJfWnaEVY6iBLWlN5dVTyOp6mydqF%2BfPP1OWXJ9LNo6nPmn8i30QtKP1mA7BYZPpxeJLexWvZfe2todmJfmpbNrXnqg7gKiQG8MTIItSW%2BDJaVQrix7jXt7MNVc9AIu4EfDZlNEwRr%2B3STfYHGn%2FB5b3e4I5f41GunspluhheENo3Hr5RkKvbk2DlfAeCD24Qf6PBVXemfpmeX70wC2wQT5nyi5pxiwDZPU40LYzhHX%2FcRvzNXZYkB9B54H0tkXL%2BfTNshIW%2Fufm4Ai1g%2Bbn5o8FWg5HUJqI12Vlp80UoFc6QYeGqwAEIFjnVr2bGfG3X03g6gIX25kXOk%2FUPdTKqFSCOqDgcKWP7TrEwfWP0fV1BFe877wGwnVTDFn6xYgOX8vvsEiaNfJtI8%2BWxAc1EGc8qsV5wvSck0MfgYLl2aZJDmmkC3IgRhnFuMRSr7Nrm%2BWajDamim%2BTkfHK2Nuua%2BC5jExA8MSxRFPxY5yWF9GpEZIkOXABTqFxONAdmKCFxYr3xXc50eBITwugSNPH3Ok09sVpGw61BSdoQRvEGgfFlc5w%3D%3D&nvMid=29030175590&catId=50000248
Apple 아이폰 13 512GB [자급제],"1,359,000원",https://cr.shopping.naver.com/adcr.nhn?x=jHvIgvwRqI7thl1wcg9v%2B%2F%2F%2F%2Fw%3D%3DsRUO8zVYqim5Ja%2FGvXRhcin73aPROpL6lS%2FZYEFe7dkcbsBKbbjTB%2BBCjsLv6tz%2BjkN7SDL3pi8V8RvXCTk4J5XA%2FdBdfzjBezVRhIXg7Wn3nsH1oMjpK00GyKK7XBbo%2FVWXLVpzyUHSNwV4vyuvKuUgAn8lD2%2BxrgblrBqYwPdWug%2B9sjA7rHdeMLkY%2BwIMUMitlUrK3fytmuS7rXutm0DQZD6UDT51Dg8nNb9lI8fV%2BFLPJmN7kd5F0maTGsL0c1aEfqN2kp4n6N3JbIPwkiyFVEo9DUQmWCHoCS2pCRH7L%2Fowdnq7%2Fmfq67OVRzok0S5SJNLgIdS1XFCtZ5GETGBZxgH8f4Jt4KfUFuJR8gP3vn2NpCcEr%2Flsftp5hro5oDG4evy%2BM13j64UYOnhTyGQiyMS50HH1zP4CriMRlyVIGVJjQOIMS03m13YAnzFDQpOVXrumE0IYWoVbuYGHPlSGgI4zFgG5Liqop01AWGezlE80KNwbfNxekQsGJejRksTXhzeKkynwlV5iG42bUw5bygtiBeCQvO0LcNTloU%2BwHaR8JROhhJdL3IweMlrCDB6SL7b9uL68jE1vSFRtzcKg2nu99V1dytzmaM6OImjBWhZ3SMHTcLlpircdRzUgq1JIslBmdxaTx7xO1%2BPPoWw%3D%3D&nvMid=29030496586&catId=50001519
Apple 아이폰 13 미니 512GB [LG U+],"478,000원",https://cr.shopping.naver.com/adcr.nhn?x=KuuJhiT3%2FEC6pcB2Iksrc%2F%2F%2F%2Fw%3D%3Ds%2BMKGwjGfkdwhr3ZAW0sEbPsjaL5oJSTLexT2TiprBcobsBKbbjTB%2BBCjsLv6tz%2Bj7t1dd7f9hy%2Bhyp4nKJmC%2BfeK9eFwbbi0rx3rOLR94RDnsH1oMjpK00GyKK7XBbo%2FVWXLVpzyUHSNwV4vyuvKuUgAn8lD2%2BxrgblrBqYwPdWug%2B9sjA7rHdeMLkY%2BwIMUYN6xeMDoEaAupbc0zTGDWzQZD6UDT51Dg8nNb9lI8fV%2BFLPJmN7kd5F0maTGsL0c1aEfqN2kp4n6N3JbIPwkiyFVEo9DUQmWCHoCS2pCRH7L%2Fowdnq7%2Fmfq67OVRzok0S5SJNLgIdS1XFCtZ5GETGIW7Y%2FLkXGrcf5NQxFH8DQ9f3stOeP6CRMscxU2SIMcRnuI%2B1Uju%2BRLjWLfBBmiitL92wdCev2p%2BPJeUdf%2FrdJwGVJjQOIMS03m13YAnzFDQpOVXrumE0IYWoVbuYGHPlV4nVlpZlOp63ers57eQ7rdBQx2J0IovtSa9qv9oplPOXGfKYExq7uG4FGIUYcPNsde4hS0%2FZ%2F1PF%2BkS0nEzUYyHyMdH5qdlBE1rKHUB4NulezdPirNIEhU3YcDKwV2g5JX38JaklJbKga3tFDo4I5tvU2Y6hEEwGxc1AZfON9sL4VRAH%2BsMDObarUodGweR8Q%3D%3D&nvMid=29030419586&catId=50000248
Apple 아이폰 13 프로 256GB [LG U+],"761,800원",https://cr.shopping.naver.com/adcr.nhn?x=nR2TRZdyz2xERHFvnqU%2BHv%2F%2F%2Fw%3D%3DsqzXeit4UrJTsfy1kj9lfbd0XqIuRjYHucEOMUdsO7xphJz9H0Ub4KLvuVTVtNMxMCjwWVqXpwrO46kbs60xQuffYYg%2FN1h%2BFOsESyyjJfWnaEVY6iBLWlN5dVTyOp6mydqF%2BfPP1OWXJ9LNo6nPmn8i30QtKP1mA7BYZPpxeJLexWvZfe2todmJfmpbNrXnqiHryMIa0vOlFa0dwxiKn27ix7jXt7MNVc9AIu4EfDZlNEwRr%2B3STfYHGn%2FB5b3e4I5f41GunspluhheENo3Hr5RkKvbk2DlfAeCD24Qf6PBVXemfpmeX70wC2wQT5nyi5pxiwDZPU40LYzhHX%2FcRvxm96%2B7%2FUoHM8cgCEGcoBUEhIW%2Fufm4Ai1g%2Bbn5o8FWg5HUJqI12Vlp80UoFc6QYeGEOUi5kYjmk9cQnu56B%2Fu6gIX25kXOk%2FUPdTKqFSCOqDgcKWP7TrEwfWP0fV1BFe6kejIh2uruhzM%2FsWRISN2UEiaNfJtI8%2BWxAc1EGc8qsV5wvSck0MfgYLl2aZJDmmkms4JYt2l3SO2AzNInAWBDesXRSG9V%2FghLcRXrPa6hPKi%2FR6soN%2B4iJQvfLnJ2w431t306eMeEhCs7PVTM41VNXc50eBITwugSNPH3Ok09sVpGw61BSdoQRvEGgfFlc5w%3D%3D&nvMid=29030415586&catId=50000248
Apple 아이폰 13 128GB [LG U+],"383,000원",https://cr.shopping.naver.com/adcr.nhn?x=U4QeGD5TkYx803Tfg2pK7f%2F%2F%2Fw%3D%3Dsofc16dBdI8xIpntrBtYjNXkvdDhRexm%2Fn07ljT6mdthhJz9H0Ub4KLvuVTVtNMxMyWFcmXvfHnu0JEd4fZ%2B5F%2FfYYg%2FN1h%2BFOsESyyjJfWnaEVY6iBLWlN5dVTyOp6mydqF%2BfPP1OWXJ9LNo6nPmn8i30QtKP1mA7BYZPpxeJLexWvZfe2todmJfmpbNrXnqYKFZZuluUMYgcwBfGEHeObix7jXt7MNVc9AIu4EfDZlNEwRr%2B3STfYHGn%2FB5b3e4I5f41GunspluhheENo3Hr5RkKvbk2DlfAeCD24Qf6PBVXemfpmeX70wC2wQT5nyi5pxiwDZPU40LYzhHX%2FcRv2UBWQdhBmSQNia7YoOjvnchIW%2Fufm4Ai1g%2Bbn5o8FWg5HUJqI12Vlp80UoFc6QYeNQqTo7S3YadJzlDs44dNdCgIX25kXOk%2FUPdTKqFSCOqDgcKWP7TrEwfWP0fV1BFe07hmrx%2BVAbS%2FSdadVwoJvWaU9qNqKx0Qc11MwuBOlFmrao8qS4hfxVZCl5WtKd9ZxO9L%2FU7uL766V3FzedQwwZicchwRNwmJ84TyxvjggzF1nj%2BPEfqo%2BcWzoQQT3wngcLqqtkC%2BTJu4yoEKr2zaJqCqA6%2BrrPkSkQjk3bFq%2FUy&nvMid=29030372586&catId=50000248
Apple 아이폰 13 프로 맥스 256GB [LG U+],"959,600원",https://cr.shopping.naver.com/adcr.nhn?x=SbrZj3CvwkW5YL1FhGCjv%2F%2F%2F%2Fw%3D%3DszFiB6gfQymn30FJGC5sXckF5HjqUyomvJUqKuDaMxcBhJz9H0Ub4KLvuVTVtNMxMv3GkLDXxUcBDPOW0Fm2erffYYg%2FN1h%2BFOsESyyjJfWnaEVY6iBLWlN5dVTyOp6mydqF%2BfPP1OWXJ9LNo6nPmn8i30QtKP1mA7BYZPpxeJLexWvZfe2todmJfmpbNrXnqXLTN90WNo2bfYUnKxvyYpLix7jXt7MNVc9AIu4EfDZlNEwRr%2B3STfYHGn%2FB5b3e4I5f41GunspluhheENo3Hr5RkKvbk2DlfAeCD24Qf6PBVXemfpmeX70wC2wQT5nyi5pxiwDZPU40LYzhHX%2FcRv2xcMf0QNeU3r%2BJYZ2TcE3AhIW%2Fufm4Ai1g%2Bbn5o8FWg5HUJqI12Vlp80UoFc6QYeHCdPJLPvy%2BTeLKBd1e%2Ft4qgIX25kXOk%2FUPdTKqFSCOqDgcKWP7TrEwfWP0fV1BFewstxKXYfuaTY89uFKbdXCAl7TVmKFTPOLfoqYuTrHyZhOBUHb0ZqO6MTkr8MsJnIZ235nX1k0q%2FrLcj75AQVq3iugXHxP4n5yqnHhYn0PH0Es8cFUTVf2EXpmSuc9bAhC9GgGFoFg4lTprjDw85V5s91M7XTHZrE3x0m%2Ftky4qoHRyPBWbUFRhWScTsgQynPg%3D%3D&nvMid=29030190586&catId=50000248
Apple 아이폰 13 256GB [LG U+],"502,000원",https://cr.shopping.naver.com/adcr.nhn?x=FCWVc8X1raSI56IkDpOY7P%2F%2F%2Fw%3D%3DsOs3XJIQKoSPH8ILFawzdq8KsDZEzig%2BoVu0MzFQgD2hhJz9H0Ub4KLvuVTVtNMxMKJDTOuiVMzAhC8%2B%2BF2rCk%2FfYYg%2FN1h%2BFOsESyyjJfWnaEVY6iBLWlN5dVTyOp6mydqF%2BfPP1OWXJ9LNo6nPmn8i30QtKP1mA7BYZPpxeJLexWvZfe2todmJfmpbNrXnqxxsm%2FS7PvYrIy2gc0Hbz67ix7jXt7MNVc9AIu4EfDZlNEwRr%2B3STfYHGn%2FB5b3e4I5f41GunspluhheENo3Hr5RkKvbk2DlfAeCD24Qf6PBVXemfpmeX70wC2wQT5nyi5pxiwDZPU40LYzhHX%2FcRvxo2BmHNk%2FBjvgpzrtmjWAAhIW%2Fufm4Ai1g%2Bbn5o8FWg5HUJqI12Vlp80UoFc6QYeJeMujc3iS5yJ3vJxth0rUqgIX25kXOk%2FUPdTKqFSCOqDgcKWP7TrEwfWP0fV1BFe2Ek745LuQxZpUTiBCxw9wqaU9qNqKx0Qc11MwuBOlFmGOrT%2Fp1vUjNFLW%2B3Uk0qizrh357nRFkfk48gWzUFt15icchwRNwmJ84TyxvjggzFuQ7oHkYA5UMfrACxLzmo%2F6eZrTjFOayQvF9Qx8nDLCIOEsHC78VBLnFZh%2FnDobeN&nvMid=29030189588&catId=50000248
Apple 아이폰 13 프로 맥스 128GB [LG U+],"818,100원",https://cr.shopping.naver.com/adcr.nhn?x=bgLJ%2Bwar2ZupjhlwPOq4Nf%2F%2F%2Fw%3D%3DsCy3Y2totSSBuqUsQnu0wQbWcuYJA%2BT%2BdNzAMHJHWXIwbsBKbbjTB%2BBCjsLv6tz%2BjpC25EPzzH44k8dzMJhbFqecREGG9A6FFdaAbdhJSgTjnsH1oMjpK00GyKK7XBbo%2FVWXLVpzyUHSNwV4vyuvKuUgAn8lD2%2BxrgblrBqYwPdWug%2B9sjA7rHdeMLkY%2BwIMUD6bSGd4rwDk3qyUDgUSRJzQZD6UDT51Dg8nNb9lI8fV%2BFLPJmN7kd5F0maTGsL0c1aEfqN2kp4n6N3JbIPwkiyFVEo9DUQmWCHoCS2pCRH7L%2Fowdnq7%2Fmfq67OVRzok0S5SJNLgIdS1XFCtZ5GETGAp7YTnT4KfnJOaN6gRPI8ajF1ua14J3WiPVB0UeJn3knuI%2B1Uju%2BRLjWLfBBmiitLnwcme2OJvk8C4otOC%2B74gGVJjQOIMS03m13YAnzFDQpOVXrumE0IYWoVbuYGHPlT4OngYKgyg9ZO2oWjkSR%2Br1S%2FXNcbJbRcgGZaU66GaWDk5yE3l1CIhgE97RznNBm0yqOQp5S6zvj2nGzC%2BV8RHj5hDcdTWynK8dwARyzwTmiA3%2FU2AzguC84AnoS7Lq%2Bf1f2SiCrLaVOHLGDRBrl1%2BKOxefto9M5cCYLbkE5wiUhWw3%2BIByOa0jCVNQVnCDoA%3D%3D&nvMid=29030352586&catId=50000248
Apple 아이폰 13 프로 512GB [LG U+],"1,111,600원",https://cr.shopping.naver.com/adcr.nhn?x=Y%2Fo6QOQJKyYG1U7Xa%2BaIlv%2F%2F%2Fw%3D%3DsM3hsQp30GOJwe71n7R6m38gHVSN6BX05zAcuETeYbRthJz9H0Ub4KLvuVTVtNMxMIF4tgJL3hqAwtmB2dcPst%2FfYYg%2FN1h%2BFOsESyyjJfWnaEVY6iBLWlN5dVTyOp6mydqF%2BfPP1OWXJ9LNo6nPmn8i30QtKP1mA7BYZPpxeJLexWvZfe2todmJfmpbNrXnqIsGCGgJXjOrApw75v82D8rix7jXt7MNVc9AIu4EfDZlNEwRr%2B3STfYHGn%2FB5b3e4I5f41GunspluhheENo3Hr5RkKvbk2DlfAeCD24Qf6PBVXemfpmeX70wC2wQT5nyi5pxiwDZPU40LYzhHX%2FcRv53okS4a7%2B15yUKrEqYb7JshIW%2Fufm4Ai1g%2Bbn5o8FWg5HUJqI12Vlp80UoFc6QYeK8W7ac4MQ777vBveMTe%2BcqgIX25kXOk%2FUPdTKqFSCOqDgcKWP7TrEwfWP0fV1BFe9zC5Ok%2BGRIgi5WcssAqmuYEiaNfJtI8%2BWxAc1EGc8qsV5wvSck0MfgYLl2aZJDmmsGPuMys5TB40uUow1r%2FWyxJ95SNB3LVReEIm9wvvRMTc%2BdmQQWLD3iaW1JQsekSlvJOghSIglKK68PTqf97BFJWhZ3SMHTcLlpircdRzUgq1JIslBmdxaTx7xO1%2BPPoWw%3D%3D&nvMid=29030295586&catId=50000248
Apple 아이폰 13 512GB [LG U+],"902,500원",https://cr.shopping.naver.com/adcr.nhn?x=jkiyDCR7MMjLuZi85Xjjd%2F%2F%2F%2Fw%3D%3DsqYWwWfCBtWCVtmrT8a%2FVho19grgzhtW9ByOvPxwlg%2F9WQE1WikGGRjsm7ORTamZ7kM%2FP5j1kW%2BbqOcGuluMJ40Y12Ft5evOkPKfGAnB1AvAZ8W7KCwJIn13uJBIFq5iJVeQAu7dnmKy7Fh1H4CLgukPg%2F6PYJW9LpCSumzPJoiiI9aZyW4hhCgmcrsQhWGWGX%2B2ylAMx2hZri%2F8qpxunmfKAXVfyDB1yTbVYYpYzcFnUHxlEatbmVq7jmztE%2Fyws2rEzGrYrh%2B5JGjafX992PjPDpGIrabitp2up06DaRfi54J8UO7LDGXdPU9Do8oyMXmq0wb8nQ9S1CNyVqQgAyEDNLEUvhRvIToSI3y8PcapqLzcRVswO%2FNXTrA15l4GNYd6P7bKnf6IN9iERvhRLC3D0qHpUPKMcwXSYqEKHnkGcPfwzF9ktWcxdrcTtO8KUh7eRXhvx%2B18MP%2FzLgC0qJYKpK5q5lwzsGrJbf8eT9IWjriJ8H0NV5nx9%2BVr0aUV2NIv1IwFyXR6V8o8R9aDdvWzNiiCIdLYg5JwGd7zG%2BCKOv%2B%2BG7P8zZs54SDuTec41ThSJhHNCc5CAdGeHQpkSpfRRs2Tl2LVXyNQxua0eKL8GruH08DlKshetxY8KUEZb&nvMid=29030296586&catId=50000248
Apple 아이폰 13 프로 맥스 512GB [LG U+],"1,321,000원",https://cr.shopping.naver.com/adcr.nhn?x=jSP%2BEtAB2mwsFl7ynFgTiv%2F%2F%2Fw%3D%3Ds4fhRH3q4aZqanX%2BKOAXt%2BnpLUEzh6S0CaoBb2MQTAmthJz9H0Ub4KLvuVTVtNMxMVUHIXK8CXB2nUznJnIh9PPfYYg%2FN1h%2BFOsESyyjJfWnaEVY6iBLWlN5dVTyOp6mydqF%2BfPP1OWXJ9LNo6nPmn8i30QtKP1mA7BYZPpxeJLexWvZfe2todmJfmpbNrXnqC8G1K0WqC%2BMx%2Bsb%2BJ3EYX7ix7jXt7MNVc9AIu4EfDZlNEwRr%2B3STfYHGn%2FB5b3e4I5f41GunspluhheENo3Hr5RkKvbk2DlfAeCD24Qf6PBVXemfpmeX70wC2wQT5nyi5pxiwDZPU40LYzhHX%2FcRv6tNC%2FzU7zCvNq5YoFI0HXAhIW%2Fufm4Ai1g%2Bbn5o8FWg5HUJqI12Vlp80UoFc6QYeNpc0SAXhor%2B1NVF30UAV3igIX25kXOk%2FUPdTKqFSCOqDgcKWP7TrEwfWP0fV1BFewstxKXYfuaTY89uFKbdXCBM2%2BNk8Z0%2Fb2S7YotWFg8PhOBUHb0ZqO6MTkr8MsJnIRt%2F8fhw9EkKOk7Vg%2F4lkeYU%2FQO35UDTTr4%2BPproy0IZEaThcwm2jOjlPe7qD4n46znJ1rHII5Yg028gQQBk579hBvLLsixU58C%2FlzFDDIP7gqgOvq6z5EpEI5N2xav1Mg%3D%3D&nvMid=29030181590&catId=50000248
Apple 아이폰 13 프로 맥스 1TB [LG U+],"1,580,200원",https://cr.shopping.naver.com/adcr.nhn?x=u50s0fUIMLwHadApFnIz3f%2F%2F%2Fw%3D%3DsfZtfZECLu2VahwgJNUctJaob346F4%2FYiDAkI%2FOjnnhphJz9H0Ub4KLvuVTVtNMxMQWyRul7mW0nzFbX%2B%2FAdsNvfYYg%2FN1h%2BFOsESyyjJfWnaEVY6iBLWlN5dVTyOp6mydqF%2BfPP1OWXJ9LNo6nPmn8i30QtKP1mA7BYZPpxeJLexWvZfe2todmJfmpbNrXnqtEOmvpx%2BMqvJh%2Birm3Rmqrix7jXt7MNVc9AIu4EfDZlNEwRr%2B3STfYHGn%2FB5b3e4I5f41GunspluhheENo3Hr5RkKvbk2DlfAeCD24Qf6PBVXemfpmeX70wC2wQT5nyi5pxiwDZPU40LYzhHX%2FcRv9IWa3kDEAea9eEDwHBx%2FT8hIW%2Fufm4Ai1g%2Bbn5o8FWg5HUJqI12Vlp80UoFc6QYeB3%2BNIRKTe3iad3gn68z1tugIX25kXOk%2FUPdTKqFSCOqDgcKWP7TrEwfWP0fV1BFewstxKXYfuaTY89uFKbdXCB8knbai84Xn18Js0Ygo9Vy8jR8gVF8FlQ9pItE8Zzc8quCQ1Le9fgHZQr5Xt9s%2FN3bDV%2BGey%2FQXEudjBviaxv4jr%2Fvhuz%2FM2bOeEg7k3nONUcEAIn1A5J0XtWpA8RdYsXympQE2a13mObubYhS2xTZQdAiJdwXirBRdnaxfvrBbw%3D%3D&nvMid=29030181587&catId=50000248
Apple 아이폰 13 프로 1TB [LG U+],"1,426,200원",https://cr.shopping.naver.com/adcr.nhn?x=1wwAT7MEX1a7Z96pkc2wnv%2F%2F%2Fw%3D%3DsrR3kQo7qVnSa%2BnhodnYK3whVoHPaSbVTrO0pqawcLhdhJz9H0Ub4KLvuVTVtNMxMjfnHjwlXHWeTGnRI1HdRhffYYg%2FN1h%2BFOsESyyjJfWnaEVY6iBLWlN5dVTyOp6mydqF%2BfPP1OWXJ9LNo6nPmn8i30QtKP1mA7BYZPpxeJLexWvZfe2todmJfmpbNrXnqXjTaYLCBU0RKnrlIKcfhorix7jXt7MNVc9AIu4EfDZlNEwRr%2B3STfYHGn%2FB5b3e4I5f41GunspluhheENo3Hr5RkKvbk2DlfAeCD24Qf6PBVXemfpmeX70wC2wQT5nyi5pxiwDZPU40LYzhHX%2FcRv6WEEE1Vz%2BaZ94QBYdg%2BDMAhIW%2Fufm4Ai1g%2Bbn5o8FWg5HUJqI12Vlp80UoFc6QYeNSDb%2FcwiRIBkbaPFMXeqFqgIX25kXOk%2FUPdTKqFSCOqDgcKWP7TrEwfWP0fV1BFe4VbMzIyMAqoFnqnCl3vWSjpLKfV7lHXkGfYNhWiUOPtINRw1QNF%2FOPJXb5%2B358LYCDOJMtxLi0SaCfmBfmgVEihYZ%2FhI%2FkN84je6k%2F%2BbfyXCvdqaxdy27DrLrkDq8Lr0UzJ70ygPP5ktwhUOxGUBH%2Fke%2FVP%2BgM94BPZkP5YJ%2Bex&nvMid=29030294586&catId=50000248
Apple 아이폰 13 mini 자급제 128GB 핑크,"891,210원",https://cr.shopping.naver.com/adcr.nhn?x=vbsWpPSRYo9sWfeEnO4V0%2F%2F%2F%2Fw%3D%3DsBceVaZ4SUw%2F5hYhj9hdpPfas9RBFZgwXtHoD%2FW3kiyQbsBKbbjTB%2BBCjsLv6tz%2Bjuo1xdxDbEN56DidLchwnUGV%2BscFH3JxaOCbdBezqxYHnsH1oMjpK00GyKK7XBbo%2FVWXLVpzyUHSNwV4vyuvKuXULJJH%2BMKqMyaVu%2BUeO3m60%2B85WmSKK5LY2dJjcChMGEH%2BAaYhDPzU3ewm5W9RQFdZvC7h88OrTsd6pZT12o8hoCkj07qdDsSAIfJ4r0cnfE8Sq47jeI0NlqEn6ftOJSbS5nP%2B8vPWPfSBwfu8dRnVtWFjMztM4z4Qkhwf2PqajxkAMqd5XLzLYl%2FenKn3WecOmY27ZGze0Q%2BtXRlM4OxtarJoVrbEtunAYIkKGowOqlZn7eS6wA6QDomi1TPWES99NvYMIZ6TPgBmIi2Oqj3QMbh6%2FL4zXePrhRg6eFPIZLMaYvZ2oS%2B%2FWogyAvjic%2Fj6FURihOvVNK6%2BarovFEXabeybS%2FJS7KxefviT1VQ9NfautRqz2yMzaqu%2FpWkHH0ClIUVAQYTC9xE2vzkUH%2FCDBut%2FiS9yMbJC5e0qD%2FRmdfZJK%2BUccKd%2BfD2uYd4VMidsXs%2BW6cJsw5frus%2BD4LDzZlVYLDEJpnI8cF6CMPSIWUy4eKOpGkLGib9hBKNet7zr5EYzzr3vGf9rW%2BEKlVRuFbDf4gHI5rSMJU1BWcIOg&nvMid=29619937553&catId=50001519
Apple 아이폰 13 자급제 256GB 핑크,"1,168,500원",https://cr.shopping.naver.com/adcr.nhn?x=RNX%2BssbW7T8Wa7SdWJIYLv%2F%2F%2Fw%3D%3DsuevyVOVvhWUUip4C1XzZpckwvULtnHkLFMFuT29d8HYbsBKbbjTB%2BBCjsLv6tz%2Bj12LEFDOI%2B4PUqbOIGqwKAig%2FBploqBbrvn2EmaqppZ7nsH1oMjpK00GyKK7XBbo%2FVWXLVpzyUHSNwV4vyuvKuXULJJH%2BMKqMyaVu%2BUeO3m60%2B85WmSKK5LY2dJjcChMGEH%2BAaYhDPzU3ewm5W9RQFe%2FnI3Hg9RH4gJ1st0gLvsRLYwI%2BzV%2BLV9pbZYyYzf8VVMaaCnplpQ3O5KzC6zSA%2B7S5nP%2B8vPWPfSBwfu8dRnXK2hMNtiEHwfFUxrhcO5DVxkAMqd5XLzLYl%2FenKn3WecOmY27ZGze0Q%2BtXRlM4OxtarJoVrbEtunAYIkKGowOqsEmswkKRVSG4pdSFZqqa0F4pNDnLoaa56Ox1Vt7ar0kMbh6%2FL4zXePrhRg6eFPIZsehEZbNmQ3FuQvctjcE2ST6FURihOvVNK6%2BarovFEXabeybS%2FJS7KxefviT1VQ9NklQfeGzfkb6SzbSTnuqGgLuqFL2mv4zYJSCfYjQAssZ1Mx8FEceX4AKLQwemv4gfNAuAlJ69nwfgwj4PAh2Ba1OHD5EvXX%2F58dbJfNIJMM5DLpBGLZ0j%2FMpyMMZQ66w1sPav%2B9OaMwMybaKmIxYAgGS%2FBl5T%2B7ZFO5CVVgNUUsIGruH08DlKshetxY8KUEZb&nvMid=29064755783&catId=50001519
APLLE 아이폰13 미니 128GB 미개통 미개봉 새상품,"710,710원",https://cr.shopping.naver.com/adcr.nhn?x=wKi3KAJnnBUjFrXvIp0tJv%2F%2F%2Fw%3D%3DsXwDlK4wxfAVGq%2BtSkvSYAw0nBDjZ%2FXOUaCstuUQX5uMbsBKbbjTB%2BBCjsLv6tz%2BjF5M07oGeCF8ZHVinKxzuXemGPdxMDPiAuPam1HusqALnsH1oMjpK00GyKK7XBbo%2FkDx3NI%2FZEzBqamQQODdxvi8ffQLw1x%2F8Lf5s6Y8TBIHXkj%2BZW%2F1lJfgqvRvZaBhRdryen3P8FBBy9he%2BojQCSGVeUlICq1NeyVOaf%2BFxZcy0PrvB2usJy%2B4iqYb4NDVudtDFoHGHlXMyT9H6ai%2BkMIBsJjzV%2F3vl5Lmd9HbkUGI%2FzdYC%2FwYAihDQzAs9Z5v92cRw%2BRM5Orpyn%2F61LlMcfN56e8FhialbFpMXVc68wrHjYL9zupFN69A4V0%2FYKWCfSPkvg2i%2FXGwLrcuqu8p6d9ole%2BmQ%2Bo5ZnzOpwaV1ooO4SQFFVtotOa7WWO1vpH93mtNbpCtVQJOW%2BVYCbpdM%2FTI4fEQmp0aDEwHhk%2Bk%2BqrE7pQVzBu1lVDTRj7Meeu%2BXr5rrtabV%2FVkT3exvb2vy3uxXgk%2Fpp8kLXlZSqLBhKNLL07boOLwoxL6IajskM%2BfZhd%2BQUN7Wx1non6uEBIsCMAY34LyNJEaF1C3pgBxMip3Njqh%2FZemCCOboDhnweAmG&nvMid=29003990842&catId=50001519
아이폰 Apple 아이폰13 미니 128GB 구매가 24만원,"246,000원",https://cr.shopping.naver.com/adcr.nhn?x=d7xqb09m1Bdp%2Bc9lSTc6xf%2F%2F%2Fw%3D%3Ds3d1T5e0DqgvsL8yq7iCl8suhqLfP6tIJVzFYkvuH7WsbsBKbbjTB%2BBCjsLv6tz%2BjD8i9SuON4OqSVBp4TvTd7G2ewk22P1%2Fhw2yXmiHwH0znsH1oMjpK00GyKK7XBbo%2FkDx3NI%2FZEzBqamQQODdxvsm3HByBnqyoQudlQvAroBzp33dwRCAzI0IZ9nyD5tkE9Z0ohABIGWTnPESfCqaNS8DWaHtpKve2xySDloWQorL%2Fz5K%2FtYiyqdMlyWHSydorhmeWtJmvw8M90EK%2Bzy5a1yVdN3LpKf%2FbKuiZi7z1XJQCMCKLmSWxOCmbdofu3GUj8MhKfCAF1YrHnOL6NBROnOp2LdD%2BbxXYDmNHXbecDBk6Lb%2B6j%2FaspYkmOUffxJaUL4TIfJE9Y6UvzutEd%2BOjBewPmYgzFy1ppguQ6%2BpVyH7UTBxnT2eF%2FePtBGu7bLb3kLvxrLLbiNWfn7qvV%2Fd5mYIoubqChMLF9L%2BiMJCf3KClkX647Zdjjw9%2Br5Mcvp%2Ba0ABT3%2Fv7qhMJkOMFyl94JoOuAKV6RXG1Is03XJLviBccre1MQpHFnvEYYhvvj3pUNcp%2B9ZZjLe9RUpM1WNUolhFbRoet6Ds2%2BUbR5MEJhawGruH08DlKshetxY8KUEZb&nvMid=29860284145&catId=50001519
Apple 아이폰 13 자급제 128GB 블루,"1,035,500원",https://cr.shopping.naver.com/adcr.nhn?x=M4hOjqiA%2FmditWBtkOYQOP%2F%2F%2Fw%3D%3Dsp6914whKfS1xQtc6mb%2B3zKgj5cecMjrTc3JMXUyJ%2BIdhJz9H0Ub4KLvuVTVtNMxMVo181X7Qe5y%2FFcCIetBPaPfYYg%2FN1h%2BFOsESyyjJfWnaEVY6iBLWlN5dVTyOp6mydqF%2BfPP1OWXJ9LNo6nPmn23JzeXxkSdTecfUR4%2FvRQjd%2BKwjnmE8nmku4yNhWgwhmfLAARyRl0caaiEG3Q2bqyz6dcaQz9e%2ByYAHgK2%2BPMo47rUI1KGNvNa3fmjQmhl5bSfgMmFF7VTwhVMNFNU0PaK5uUEs%2BqMGnIyvfnClDLCAr8H8TQJpirBxGxx09xwTdtDFoHGHlXMyT9H6ai%2BkMIBsJjzV%2F3vl5Lmd9HbkUGI%2FzdYC%2FwYAihDQzAs9Z5v9Az1K%2Bw4%2BQRjXdKU%2FX%2BhV8D2M3mI0cjzy%2FkCMStsf8pC9fzZjkiWz1wt4EO7UvJkHfY3X6R4HqL%2BVpH8y%2BRVNlUtB7vhOx0nxSI7ZizhQJ8uN4%2FbarDGulZ7nI%2BlTukuY1QVGV4Bk%2BoRJdXX5VSVPFidD0n7XmxtOgtKcmLnO5YgPTwQXW8IQSfKE4NwvCw7qok70zubGD4ws1N1JeRn2yOYQsU7TtARBhTKL6TvT1FPmRDkU89jzomXtNjWRTyUai8HuuTUGzQoarOo%2B6Zj8SgN%2BQsjK6V0FLd%2Fybx7qcubNSE3OzZUT76KyqzckASmm&nvMid=29619782067&catId=50001519
아이폰13 미니 256GB 자급제 새상품,"859,700원",https://cr.shopping.naver.com/adcr.nhn?x=hJRe407taF11NGHC%2F6QOsP%2F%2F%2Fw%3D%3Ds2bqnIg3OnmcUjDu9g9xGw2qHWHS2pRxBquMI83Z6079hJz9H0Ub4KLvuVTVtNMxMNrpyB7TreAbMGYSdCBGwsPfYYg%2FN1h%2BFOsESyyjJfWnaEVY6iBLWlN5dVTyOp6myGnNAqqO0%2B3pXF9dXhSFZ0%2B0JZ4vKXq2xVuFay0gNbwiO%2FsdgQE5FIA0Tw1QMogpFsz0ziK5yUQMWgqQlawtpveX3HS0XJvZjqyCWEu%2Fa2UIww%2BeiE%2BvsAk1%2FxR03s66fWDuAJuqZbGlx0juudI9chT9rXyqENDUD8omnd%2BAEOivf3Vb8LXDlJWzaxi1N0VJ6iyUf5pbmpNzg%2BeewTMYOP12tT2AG9M5jxdXEaCkbHF1JsAxu7cjmXTWUlr4yS0wxgbp4zjepwiml8EImEzzaZFb70xOLoOcyBJcCpDzeWLlxqoZcFilgBwtjPdFGxMWmCO5dZeT0UMYszoFnAauCsObd7IPwVdH9ThzIlmabD%2FcHiTBW1nDhUaOW47RfeG85ISxVle0EwMKRF1mhj066c9mVVgsMQmmcjxwXoIw9IhZUWe4LJDe6f0MN6rpt79jO37kg%2BR2kULkbIilvzeN8ZQ4SwcLvxUEucVmH%2BcOht40%3D&nvMid=30078510937&catId=50001519
Apple 아이폰 13 mini 자급제 256GB 스타라이트,"1,035,500원",https://cr.shopping.naver.com/adcr.nhn?x=XkepcGGfirIKarVuMk5Bu%2F%2F%2F%2Fw%3D%3Ds9X0OFOborpUu%2F%2BVKQwFa87EeK9ENb20DbMjXg0YRwjQXfmlaZeQqomjdtI9e3qsm63TDlkZQIaKi1iNFzEcwW%2Fo9jR45a8FSy11fX9MXhtPmHdJoXpaqVFBgn%2FrBoZweEmru%2BS1qrEuGJ6UmLLspwsFHZ6YjirkEyx0YsOhRCZckyuYW9oo962E4ptNomafycL5GgRuW8rSMHvetJ0Zgz3iPX2gaYYUtVGkkd8LUm94OQ%2Fk04OMFEC481wXkdKSdSSxdRMGSHT%2B9g2M8iwDPCM6i5Eu117nFpgdIGZEFqdVJsQJM1PkTrxHhR4Sd8jRMVhF3l8Emrmz7tKlGsUHzz2vqR2unsG9Pw6XBns%2FftjJmn%2B6FVZ%2Fm0w7K7lHYQAO7zSRGmi5ANMj%2B3HKI7npQYYakL8Jkf6pU9I0LjWzj68JG5oNHYusRcUPC9Om1jnCRjrXDVQRC6l189sznJP4OSEEFtguAX%2BVoC48RQDUQjsvgC3GQ2OlCCHb3HFfD5t2TEW8lKjQK6JGquGptco6b6817qA7KyAr5lbNat8%2FsDZpl3wSu7ILG9MnU2VfFepxuZpoyD7Os%2BHm805xR6%2FTnavo2Lhblx9YIgCkwUX3mkUcaIbT4wPT2RVq4kndhIVrUA5VoIE8AKJGPh0riu21%2FMcZKrR2FtDzzKdDFx76Pcm%2FLVWGr8fvvH1mWvUgXPK6j&nvMid=29056389772&catId=50001519
Apple 아이폰 13 Pro 자급제 512GB 시에라 블루,"1,636,800원",https://cr.shopping.naver.com/adcr.nhn?x=BuLGu0xwaPdr2Vm70TKsw%2F%2F%2F%2Fw%3D%3Ds%2FFUIXQz%2F14kAYEtkMQZAIEQH05y%2B5d6WWUAp38WdkqJhJz9H0Ub4KLvuVTVtNMxMahUq0gUcB2mRVnsRVTG%2F9ffYYg%2FN1h%2BFOsESyyjJfWnaEVY6iBLWlN5dVTyOp6mydqF%2BfPP1OWXJ9LNo6nPmn23JzeXxkSdTecfUR4%2FvRQjd%2BKwjnmE8nmku4yNhWgwhmfLAARyRl0caaiEG3Q2bq388zh24s915aMpp%2Bzw2FU1Gz%2B1Slt0aDTYw2N2OGqyhGpvn1uSh1atMI9LGMTV7o6K5uUEs%2BqMGnIyvfnClDLC1lf1o%2BeHjoNdNuisjMBzmdtDFoHGHlXMyT9H6ai%2BkMIBsJjzV%2F3vl5Lmd9HbkUGI%2FzdYC%2FwYAihDQzAs9Z5v9toXYAO8xaOt4RhpeAjKO7T2M3mI0cjzy%2FkCMStsf8pC9fzZjkiWz1wt4EO7UvJkHEbyZ1WbrLcH0H8c9xXBOtUtB7vhOx0nxSI7ZizhQJ8uN4%2FbarDGulZ7nI%2BlTukuYl3HCXbr4IIkPruudTM2ajReVIwNVwnvZkiVlL0onSTR7Fkw%2BmNSNUerygMY8Lpn4L3aXMZghk2CNFMEpXJGpCBFnEWQKb27g4IvaIRYuLfTCkd2CpQ%2FahgJeoF%2FR72Tu76iz4P6Y2jLvCpQz8drm%2FVHPm8oWWqGg98cz1kA5eAjke%2FVP%2BgM94BPZkP5YJ%2Bex&nvMid=29060734140&catId=50001519
아이폰 13 자급제 128GB 핑크 MLPH3KH/A,"1,046,727원",https://cr.shopping.naver.com/adcr.nhn?x=43yvpJbFaZGokFpKoZg7Yv%2F%2F%2Fw%3D%3DshQ2cG5u8bAAu%2B%2FDRUl%2BPp9WcjAmNwH8rgZhIr1jEui9hJz9H0Ub4KLvuVTVtNMxMWMOZVqByIkawCmw5MGEpGvfYYg%2FN1h%2BFOsESyyjJfWnaEVY6iBLWlN5dVTyOp6myGnNAqqO0%2B3pXF9dXhSFZ0yTGCD9Vz5n4ms8MDGQoS0OXy0ZyPizqqSo9HPLc4z9c4hc4ZJ3NkiIjCIDc210DIW5y7SRxszUEnl9A8PZ9w2WorYoLP33X0ay3h2id35cpW0W7fEggyYTMgSGtXVNQKurt1PRn%2B5zOCSdZMUVGkMnOpU7Yxvrf865TLcyIB6vRyLfRC0o%2FWYDsFhk%2BnF4ktzVCZ4rdk8hPModxsSdH4jzkgsjhU2QZWp0nNBb1OxOL6dP2a3bWJSudhu%2Bdj32XQld%2BqILAG09hjAR1K3qLYkBw7vkvp0OkiT2nNoeXo%2FyVSRxWnzishIouEv0cUFJT6FFfYAQmtmEw%2FTpJZffad%2BmlY0bGstmvRrypnWD8dLMEMVLEHr6k93MfcaZdXWj1xzH2Oocu4FCOOEpEB%2FIz5tUDGxE8Hs5X%2FBVDwxKF00xATDgjSLRfF0v28lymKAj%2F448GKY8NnA621mNyvBRyVn2gNAlhMCy77%2FAfvYoV9lFI%2BC5e9yjpZeSRfpaGH6Ue9MtVYavx%2B%2B8fWZa9SBc8rqM%3D&nvMid=29609866919&catId=50001519
Apple 아이폰 13 mini 자급제 256GB 핑크,"1,035,500원",https://cr.shopping.naver.com/adcr.nhn?x=lmHCCTqZPXHf8ecFRzdA7f%2F%2F%2Fw%3D%3Dsu6BSOR6YZEg%2FApUYHzDXawyGF2LmLNQcX91dlyLv4fthJz9H0Ub4KLvuVTVtNMxMrHeCfiOZCIqW%2Fh59SMzXE%2FfYYg%2FN1h%2BFOsESyyjJfWnaEVY6iBLWlN5dVTyOp6mydqF%2BfPP1OWXJ9LNo6nPmn23JzeXxkSdTecfUR4%2FvRQjd%2BKwjnmE8nmku4yNhWgwhmfLAARyRl0caaiEG3Q2bq9D4xCf1yKuZGZlWoMqRNxTp2ELNkX%2BvBMqEEJUG%2FxZYQnhwNsmOtDpWoXU74lX43aK5uUEs%2BqMGnIyvfnClDLDNDUQZFkNDxC8Ske%2B4t1dDdtDFoHGHlXMyT9H6ai%2BkMIBsJjzV%2F3vl5Lmd9HbkUGI%2FzdYC%2FwYAihDQzAs9Z5v9GY7XKPvPsNFDw6ckQLHB5D2M3mI0cjzy%2FkCMStsf8pC9fzZjkiWz1wt4EO7UvJkH33IqWNOloJNcf4rh7pzdYktB7vhOx0nxSI7ZizhQJ8uN4%2FbarDGulZ7nI%2BlTukuYR6LHkW4HERjxr6Asf%2BUX4YZT%2FdRYwapfnesHvLSQXIylkX647Zdjjw9%2Br5Mcvp%2BaltGXiS5gTdijjIB2RXnI5OgozD5NQbmq8wjbsbFhtODpigzUU%2B4VzfGii3oaNmWOFKlmzTcBJwI8tfwigF4C6q4WMzW8Pu3cVidQV2zHk5IdHI8FZtQVGFZJxOyBDKc%2B&nvMid=29064819083&catId=50001519
아이폰 13 프로 자급제 256GB 실버 MLVF3KH/A,"1,401,345원",https://cr.shopping.naver.com/adcr.nhn?x=01A5vXYxFFdl0hw%2BfZIZgf%2F%2F%2Fw%3D%3DsDsb1sAwSmruhNMOq%2FNEqv8nZ7mB9cHpiRWOx4TL48E5hJz9H0Ub4KLvuVTVtNMxMSZvHISZlVCZ07qWpTdwCnPfYYg%2FN1h%2BFOsESyyjJfWnaEVY6iBLWlN5dVTyOp6myGnNAqqO0%2B3pXF9dXhSFZ0yTGCD9Vz5n4ms8MDGQoS0OXy0ZyPizqqSo9HPLc4z9cBxviddfNicVPyB%2Fp5YFHOm8U9DoZ6WkmXKmuVZYtai%2BorYoLP33X0ay3h2id35cpW0W7fEggyYTMgSGtXVNQKurt1PRn%2B5zOCSdZMUVGkMnOpU7Yxvrf865TLcyIB6vRyLfRC0o%2FWYDsFhk%2BnF4ktzVCZ4rdk8hPModxsSdH4jzWRM1Z12yYLLbX5aLQljzglv9d0xuBAK2M%2FssQDukq31d%2BqILAG09hjAR1K3qLYkCCRZk%2FaY1q1fEhqQmUN9guLvS78UfdjG5Q25ZDEjyy2lFfYAQmtmEw%2FTpJZffad%2BkRdj3S3uy788ewHvbPD6W32hhUMHcDZVDNp%2BDA5q3DC9bZsIy9wWCR99kQN5F6JttsuLdiWw6pJpbLf1K%2FZE0b53JQH39fXmGztd2iurK2R%2BYQsU7TtARBhTKL6TvT1FOR29Txes7q3FQyO0gbhEfOlgPvhWfVd1tRilCXQ9r2iG9TZjqEQTAbFzUBl8432wvhVEAf6wwM5tqtSh0bB5Hx&nvMid=30095849935&catId=50001519
아이폰13 256자급제 (무료 견적 받아보기),"262,000원",https://cr.shopping.naver.com/adcr.nhn?x=aF64m%2FVJepPUNR6ZdbdHyf%2F%2F%2Fw%3D%3DsTNVRVP1XA5fUav7HZ0UMX1kghoGG62lfdW70ZWBxeAlhJz9H0Ub4KLvuVTVtNMxMHuJ86UNur%2FGE9zvMpSApgPfYYg%2FN1h%2BFOsESyyjJfWnaEVY6iBLWlN5dVTyOp6myGnNAqqO0%2B3pXF9dXhSFZ04yil6f0dwoBKIEuTYszDH9pE5fbdMzTPsS2e5epsl4g1Ll3TmYBbtCFneKNowh5UKmLhRQsLA2AeSpwdDpwpTY4QiwwFKUtt1IMqyt%2FiAD1A5ijqTU6jnRNRTh%2BkUVsAgez%2FY8eSma9aMvarLWce5tapbhm0L0qWQ%2FhfQxjnSmnNshiPJd6YOYAJtCOkO9lB12tT2AG9M5jxdXEaCkbHF3NWkFGaqrpLQWeK6HcFedCqzIeQCxv9Q1IELF8WN%2Bt5Fb70xOLoOcyBJcCpDzeWLl0yxvlcUIORkCUiU6BsY4Uh7klrUGVo15xKVGXVOQqBrY517Y3i%2Fc2MuTsBazjf4FcAcm60nHKuPgQ8vZOMj0CBUZWJpA9hOu5fZpYBDMz2WU3N0kWCShHUw4vdlvoRYWHhBVNy7tBy0O3Re2DNPLs20eu2uLKtXPq61w0CCMe7FdznR4EhPC6BI08fc6TT2xWkbDrUFJ2hBG8QaB8WVzn&nvMid=29142406050&catId=50001519
